date,market_return,prediction,position,trade,strategy_return_gross,cost,strategy_return_net,market_equity,strategy_equity
2024-03-21,0.009688833454162469,1,1,2.0,-0.009688833454162469,0.002,-0.011688833454162469,1.0097359221563438,0.9883792155636572
2024-03-22,-0.001468359795252877,0,-1,2.0,-0.001468359795252877,0.002,-0.0034683597952528773,1.0082543545277949,0.9849570988265198
2024-03-25,-0.01380950320572651,0,-1,0.0,0.01380950320572651,0.0,0.01380950320572651,0.9944265600217788,0.9986532176827143
2024-03-26,-0.00286557516983034,1,1,2.0,0.00286557516983034,0.002,0.0008655751698303398,0.9915810349433394,0.9995180013248428
2024-03-27,-0.0005220440989277788,1,1,0.0,-0.0005220440989277788,0.0,-0.0005220440989277788,0.9910635210097393,0.9989963450261226
2024-03-28,-0.0016859705572282652,0,-1,2.0,-0.0016859705572282652,0.002,-0.0036859705572282655,0.9893940248491214,0.9953208519525897
2024-04-01,0.009109309022429658,0,-1,0.0,-0.009109309022429658,0.0,-0.009109309022429658,0.9984478954117603,0.9862953372479312
2024-04-02,-0.007399442858561829,1,1,2.0,0.007399442858561829,0.002,0.005399442858561829,0.991087203356743,0.9916351856931961
2024-04-03,-0.0023518573280017024,1,1,0.0,-0.0023518573280017024,0.0,-0.0023518573280017024,0.9887590464743834,0.9893057415488845
2024-04-04,-0.0061313504274791725,1,1,0.0,-0.0061313504274791725,0.0,-0.0061313504274791725,0.9827151657815297,0.9832585191320613
2024-04-05,0.01811770724754531,1,1,0.0,0.01811770724754531,0.0,0.01811770724754531,1.0006819787249455,1.0012352661116566
2024-04-08,-0.0021879113497554853,0,-1,2.0,-0.0021879113497554853,0.002,-0.004187911349755486,0.9984949686307275,0.9970509494661043
2024-04-09,0.003972352327099528,1,1,2.0,-0.003972352327099528,0.002,-0.005972352327099528,1.0024692308017416,0.9911139564620183
2024-04-10,-0.007109728987234801,0,-1,2.0,-0.007109728987234801,0.002,-0.009109728987234802,0.9953672228447644,0.9821261771956122
2024-04-11,0.010972888488569933,0,-1,0.0,-0.010972888488569933,0.0,-0.010972888488569933,1.006349419403581,0.9714083266006235
2024-04-12,-0.014191303883541995,1,1,2.0,0.014191303883541995,0.002,0.012191303883541995,0.9921688672303504,0.9833235441467479
2024-04-15,-0.01977220435409225,1,1,0.0,-0.01977220435409225,0.0,-0.01977220435409225,0.9727441690053896,0.9640720198010291
2024-04-16,0.0022699069863409047,1,1,0.0,0.0022699069863409047,0.0,0.0022699069863409047,0.9749547157090912,0.9662628591742233
2024-04-17,-0.0066310292001755915,1,1,0.0,-0.0066310292001755915,0.0,-0.0066310292001755915,0.9685111498675758,0.9598767386160272
2024-04-18,-0.01855202853491559,1,1,0.0,-0.01855202853491559,0.0,-0.01855202853491559,0.9507089474530258,0.9422332453054989
2024-04-19,-0.01282091243542242,1,1,0.0,-0.01282091243542242,0.0,-0.01282091243542242,0.9385977951953547,0.9302300656502467
2024-04-22,0.004599650140928382,1,1,0.0,0.004599650140928382,0.0,0.004599650140928382,0.9429249607711033,0.9345186539446292
2024-04-23,0.01635108210097028,0,-1,2.0,0.01635108210097028,0.002,0.01435108210097028,0.9584695432629847,0.9480267036019943
2024-04-24,0.0036491278149465758,0,-1,0.0,-0.0036491278149465758,0.0,-0.0036491278149465758,0.961973510456886,0.9445735373429919
2024-04-25,-0.02480010274792806,0,-1,0.0,0.02480010274792806,0.0,0.02480010274792806,0.9384098666632859,0.9682919520373648
2024-04-26,0.018079290768435164,1,1,2.0,-0.018079290768435164,0.002,-0.020079290768435162,0.9555299446153706,0.9490432334099695
2024-04-29,-0.010067185614679982,1,1,0.0,-0.010067185614679982,0.0,-0.010067185614679982,0.945958705856652,0.9395369699689327
2024-04-30,-0.03264649260080547,1,1,0.0,-0.03264649260080547,0.0,-0.03264649260080547,0.9155751290760785,0.9093596551575139
2024-05-01,0.014306493553472148,1,1,0.0,0.014306493553472148,0.0,0.014306493553472148,0.9287679452073563,0.922462910528596
2024-05-02,0.007316160704700463,0,-1,2.0,0.007316160704700463,0.002,0.005316160704700463,0.93558787819433,0.9273799298573454
2024-05-03,0.021927475547367233,1,1,2.0,-0.021927475547367233,0.002,-0.02392747554736723,0.9563295335189742,0.9054534381698136
2024-05-06,0.016776798084022274,1,1,0.0,0.016776798084022274,0.0,0.016776798084022274,0.9725090215168337,0.9207721881634302
2024-05-07,-0.010208277423861984,0,-1,2.0,-0.010208277423861984,0.002,-0.012208277423861984,0.9626318797035879,0.9095994843465739
2024-05-08,0.002927170355237843,1,1,2.0,-0.002927170355237843,0.002,-0.004927170355237842,0.9654537953037838,0.9051287557974044
2024-05-09,0.00432665730604463,0,-1,2.0,0.00432665730604463,0.002,0.00232665730604463,0.9696400326976705,0.9072371320133428
2024-05-10,0.005851933780144532,1,1,2.0,-0.005851933780144532,0.002,-0.00785193378014453,0.9753309371170297,0.9001414599591048
2024-05-13,-0.0024624681478330117,1,1,0.0,-0.0024624681478330117,0.0,-0.0024624681478330117,0.9729321704062192,0.897927617162779
2024-05-14,0.006841216232018583,1,1,0.0,0.006841216232018583,0.0,0.006841216232018583,0.979611029473811,0.9040915946633121
2024-05-15,0.017332904693156098,1,1,0.0,0.017332904693156098,0.0,0.017332904693156098,0.9967385400394168,0.9198987240993585
2024-05-16,-0.004952315063470506,0,-1,2.0,-0.004952315063470506,0.002,-0.006952315063470506,0.9918145793191762,0.9135254784196208
2024-05-17,-0.0018544149875740655,0,-1,0.0,0.0018544149875740655,0.0,0.0018544149875740655,0.9899770477979724,0.9152211054705233
2024-05-20,0.012134237155366247,0,-1,0.0,-0.012134237155366247,0.0,-0.012134237155366247,1.0020628417271593,0.9041827022688895
2024-05-21,0.00866121848124948,1,1,2.0,-0.00866121848124948,0.002,-0.01066121848124948,1.0107796214059857,0.8945942162253752
2024-05-22,0.003443720620089679,0,-1,2.0,0.003443720620089679,0.002,0.0014437206200896792,1.0142664644412844,0.8958866931052183
2024-05-23,-0.008209719868340857,0,-1,0.0,0.008209719868340857,0.0,0.008209719868340857,1.0059737080769633,0.9032719458372812
2024-05-24,0.007373180043901828,0,-1,0.0,-0.007373180043901828,0.0,-0.007373180043901828,1.0134183449435135,0.8966364515598655
2024-05-28,0.00037196173867111036,1,1,2.0,-0.00037196173867111036,0.002,-0.0023719617386711105,1.0137953679078116,0.8945121845392783
2024-05-29,-0.002676043129777388,0,-1,2.0,-0.002676043129777388,0.002,-0.004676043129777388,1.011086034541833,0.8903391711831856
2024-05-30,-0.03437004297756758,0,-1,0.0,0.03437004297756758,0.0,0.03437004297756758,0.9769253784548361,0.9214721224795029
2024-05-31,0.0011086860776691775,0,-1,0.0,-0.0011086860776691775,0.0,-0.0011086860776691775,0.9780090826537234,0.9204510652868857
2024-06-03,-0.003886015301300467,1,1,2.0,0.003886015301300467,0.002,0.0018860153013004668,0.9742158993513372,0.9221886881567071
2024-06-04,0.006147730796861035,1,1,0.0,0.006147730796861035,0.0,0.006147730796861035,0.9802235642704653,0.9278755185957757
2024-06-05,0.018903664057852355,0,-1,2.0,0.018903664057852355,0.002,0.016903664057852354,0.9989296307841949,0.9436933274748321
2024-06-06,0.001202024777632547,0,-1,0.0,-0.001202024777632547,0.0,-0.001202024777632547,1.0001310908992607,0.9425596661936945
2024-06-07,-0.0015795959459831647,1,1,2.0,0.0015795959459831647,0.002,-0.00042040405401683537,0.9985525349511368,0.9421634935709972
2024-06-10,0.00943985817632221,0,-1,2.0,0.00943985817632221,0.002,0.007439858176322209,1.0080233605585598,0.9491991962039317
2024-06-11,0.011178979265799346,0,-1,0.0,-0.011178979265799346,0.0,-0.011178979265799346,1.0193552542966704,0.9386472081876395
2024-06-12,0.019182448551763497,1,1,2.0,-0.019182448551763497,0.002,-0.021182448551763496,1.0390977331840403,0.9189734666233368
2024-06-13,0.0011782098791476658,0,-1,2.0,0.0011782098791476658,0.002,-0.0008217901208523342,1.0403227299085895,0.918218573531467
2024-06-14,0.002239540895955345,1,1,2.0,-0.002239540895955345,0.002,-0.004239540895955345,1.0426551860477897,0.9143339885842925
2024-06-17,0.013020138236618042,1,1,0.0,0.013020138236618042,0.0,0.013020138236618042,1.0563194630563406,0.9263165817421577
2024-06-18,-0.004537745190810168,0,-1,2.0,-0.004537745190810168,0.002,-0.006537745190810168,1.0515370134680417,0.9202803132575563
2024-06-20,-0.0014349998043344783,0,-1,0.0,0.0014349998043344783,0.0,0.0014349998043344783,1.050029140217129,0.9216018633122681
2024-06-21,0.009112498951006916,0,-1,0.0,-0.009112498951006916,0.0,-0.009112498951006916,1.0596412583502137,0.9132419151580968
2024-06-24,-0.004702073481622929,1,1,2.0,0.004702073481622929,0.002,0.002702073481622929,1.0546704430172857,0.9157128988056169
2024-06-25,0.007300028570173692,0,-1,2.0,0.007300028570173692,0.002,0.005300028570173692,1.0623977378039196,0.9205790874096238
2024-06-26,0.0026796069095562413,1,1,2.0,-0.0026796069095562413,0.002,-0.004679606909556241,1.0652483636955599,0.916281203198891
2024-06-27,0.0015248932380425965,1,1,0.0,0.0015248932380425965,0.0,0.0015248932380425965,1.0668739928626512,0.917679500065558
2024-06-28,-0.013114204515447852,1,1,0.0,-0.013114204515447852,0.0,-0.013114204515447852,1.0529741311529839,0.9057234319356359
2024-07-01,0.021645681838708578,1,1,0.0,0.021645681838708578,0.0,0.021645681838708578,1.0760149415935032,0.9255421542473748
2024-07-02,0.005567590898530048,1,1,0.0,0.005567590898530048,0.0,0.005567590898530048,1.0820224607751112,0.9307095659905552
2024-07-03,0.0032388905694727835,1,1,0.0,0.0032388905694727835,0.0,0.0032388905694727835,1.0855326946823733,0.9337289194649858
2024-07-05,0.014628707542279226,1,1,0.0,0.014628707542279226,0.0,0.014628707542279226,1.1015293549613645,0.9474885642831654
2024-07-08,-0.0028271767191740864,1,1,0.0,-0.0028271767191740864,0.0,-0.0028271767191740864,1.098419534890364,0.9448136297106279
2024-07-09,-0.014474479828745225,1,1,0.0,-0.014474479828745225,0.0,-0.014474479828745225,1.0826349955717656,0.9312364422943429
2024-07-10,0.014495973642143329,1,1,0.0,0.014495973642143329,0.0,0.014495973642143329,1.0984431443686078,0.9448339375767268
2024-07-11,-0.025084006709767917,1,1,0.0,-0.025084006709767917,0.0,-0.025084006709767917,1.0712324920052043,0.9214284951117697
2024-07-12,-0.0025324459586833423,1,1,0.0,-0.0025324459586833423,0.0,-0.0025324459586833423,1.0685230857704657,0.9190979794411253
2024-07-15,0.0009034585611202027,1,1,0.0,0.0009034585611202027,0.0,0.0009034585611202027,1.0694888883156548,0.9199287215932074
2024-07-16,-0.009828601541034604,1,1,0.0,-0.009828601541034604,0.0,-0.009828601541034604,1.059028796422319,0.9109313967324149
2024-07-17,-0.01343743553530177,0,-1,2.0,-0.01343743553530177,0.002,-0.01543743553530177,1.0448933500115354,0.8969769396619268
2024-07-18,-0.007127667499769453,1,1,2.0,0.007127667499769453,0.002,0.005127667499769453,1.037472176885709,0.9015881514403243
2024-07-19,-0.007430429352541212,1,1,0.0,-0.007430429352541212,0.0,-0.007430429352541212,1.0297918824492824,0.894913791763286
2024-07-22,0.01324951427858545,0,-1,2.0,0.01324951427858545,0.002,0.01124951427858545,1.0435269150238045,0.905037976553442
2024-07-23,0.004302828829294867,0,-1,0.0,-0.004302828829294867,0.0,-0.004302828829294867,1.0480267066920195,0.9011521191413082
2024-07-24,-0.03651325724468443,1,1,2.0,0.03651325724468443,0.002,0.03451325724468443,1.0104500360044546,0.9327967526314211
2024-07-25,-0.02478601509114459,0,-1,2.0,-0.02478601509114459,0.002,-0.026786015091144588,0.9857128408308733,0.9081425132338803
2024-07-26,0.01628634418824749,1,1,2.0,-0.01628634418824749,0.002,-0.01828634418824749,1.0018979397232535,0.8916868224273851
2024-07-29,0.003427156101465277,1,1,0.0,0.003427156101465277,0.0,0.003427156101465277,1.005337490933305,0.8947480149575486
2024-07-30,-0.008968342181840692,1,1,0.0,-0.008968342181840692,0.0,-0.008968342181840692,0.9963615899438784,0.8867594840759544
2024-07-31,-0.01086477581042921,1,1,0.0,-0.01086477581042921,0.0,-0.01086477581042921,0.9855949391771751,0.8771771900820184
2024-08-01,-0.0029684066278378796,0,-1,2.0,-0.0029684066278378796,0.002,-0.00496840662783788,0.9826736305883238,0.8728298257967014
2024-08-02,-0.020882537678943228,1,1,2.0,0.020882537678943228,0.002,0.018882537678943226,0.9623656901232666,0.8894676557461689
2024-08-05,-0.03320193680463254,0,-1,2.0,-0.03320193680463254,0.002,-0.035201936804632544,0.9309379040117318,0.8587013650551846
2024-08-06,0.01122350290489154,1,1,2.0,-0.01122350290489154,0.002,-0.01322350290489154,0.9414451419927949,0.8474210719275732
2024-08-07,-0.002957214967681854,0,-1,2.0,-0.002957214967681854,0.002,-0.0049572149676818545,0.9386651987983655,0.8432306185762617
2024-08-08,0.010635327905694561,1,1,2.0,-0.010635327905694561,0.002,-0.012635327905694561,0.9487014859834759,0.8326431521239636
2024-08-09,0.008235400416592714,1,1,0.0,0.008235400416592714,0.0,0.008235400416592714,0.9565466824238078,0.8395286152434167
2024-08-12,0.001943721150301502,1,1,0.0,0.001943721150301502,0.0,0.001943721150301502,0.9584077505544953,0.8411620116885026
2024-08-13,0.017544089491372636,1,1,0.0,0.017544089491372636,0.0,0.017544089491372636,0.9753705048537158,0.8560496464367139
2024-08-14,0.006860158754389536,0,-1,2.0,0.006860158754389536,0.002,0.004860158754389536,0.9820847052699131,0.8602203104550044
2024-08-15,0.011754399995080086,0,-1,0.0,-0.011754399995080086,0.0,-0.011754399995080086,0.993696633652747,0.8501681312484144
2024-08-16,-0.006098799136764396,1,1,2.0,0.006098799136764396,0.002,0.004098799136764396,0.9876547204164137,0.8536599508959675
2024-08-19,0.007285763164526727,1,1,0.0,0.007285763164526727,0.0,0.007285763164526727,0.9948768160898892,0.8599022273824158
2024-08-20,0.00772741204782028,1,1,0.0,0.00772741204782028,0.0,0.00772741204782028,1.0025944193314416,0.8665727860989685
2024-08-21,-0.0015548199996764348,0,-1,2.0,-0.0015548199996764348,0.002,-0.003554819999676435,1.0010367767174408,0.8634977446753537
2024-08-22,-0.020460666523775983,1,1,2.0,0.020460666523775983,0.002,0.01846066652377598,0.9807630117008288,0.8795865365808959
2024-08-23,0.0029796624844021123,1,1,0.0,0.0029796624844021123,0.0,0.0029796624844021123,0.9836897125779209,0.8822113161223117
2024-08-26,-0.007949303902686233,1,1,0.0,-0.007949303902686233,0.0,-0.007949303902686233,0.9759010622953578,0.8752261506491573
2024-08-27,0.0008461551109196643,1,1,0.0,0.0008461551109196643,0.0,0.0008461551109196643,0.9767271754276056,0.8759670411396722
2024-08-28,-0.007859859754786643,0,-1,2.0,-0.007859859754786643,0.002,-0.009859859754786643,0.9690803277520242,0.8673725687376652
2024-08-29,0.006118555269221789,1,1,2.0,-0.006118555269221789,0.002,-0.00811855526922179,0.9750278759441431,0.8603592640712215
2024-08-30,0.009683837504741541,1,1,0.0,0.009683837504741541,0.0,0.009683837504741541,0.9845157528414087,0.8687313147441578
2024-09-03,-0.018631569772652328,0,-1,2.0,-0.018631569772652328,0.002,-0.020631569772652326,0.9663425027008812,0.8509916518105218
2024-09-04,-0.0013198102569459118,1,1,2.0,0.0013198102569459118,0.002,-0.0006801897430540882,0.9650679552195243,0.8504130128319941
2024-09-05,-0.0012479923285939989,1,1,0.0,-0.0012479923285939989,0.0,-0.0012479923285939989,0.9638643090416583,0.8493523658931266
2024-09-06,-0.016517032042382807,0,-1,2.0,-0.016517032042382807,0.002,-0.01851703204238281,0.9480748875161391,0.8337695994609297
2024-09-09,0.009957698704273295,1,1,2.0,-0.009957698704273295,0.002,-0.011957698704273295,0.957562691544645,0.8238590058379135
2024-09-10,0.02068576372549258,1,1,0.0,0.02068576372549258,0.0,0.02068576372549258,0.9775768980380967,0.8410786452515288
2024-09-11,0.02111771356654095,0,-1,2.0,0.02111771356654095,0.002,0.019117713566540948,0.9984406085357597,0.8573128316959718
2024-09-12,0.009317276265155248,0,-1,0.0,-0.009317276265155248,0.0,-0.009317276265155248,1.0077868285635634,0.8493621082586444
2024-09-13,0.008372275283803758,1,1,2.0,-0.008372275283803758,0.002,-0.010372275283803759,1.0162597165026324,0.8405978220255673
2024-09-16,0.001740291450095132,1,1,0.0,0.001740291450095132,0.0,0.001740291450095132,1.0180298444208258,0.8420619808902529
2024-09-17,0.00879418413788186,0,-1,2.0,0.00879418413788186,0.002,0.00679418413788186,1.027022068012495,0.8478025843196922
2024-09-18,-0.01002357961107504,1,1,2.0,0.01002357961107504,0.002,0.00802357961107504,1.0167790521552327,0.8546323588287402
2024-09-19,0.01812575472005652,1,1,0.0,0.01812575472005652,0.0,0.01812575472005652,1.0353769814291058,0.8702644591665367
2024-09-20,-0.007826424636934903,0,-1,2.0,-0.007826424636934903,0.002,-0.009826424636934903,1.027305308882659,0.8617547495282641
2024-09-23,-0.004051672271730423,1,1,2.0,0.004051672271730423,0.002,0.002051672271730423,1.023151425218217,0.8635246028115274
2024-09-24,-0.010061618878617203,1,1,0.0,-0.010061618878617203,0.0,-0.010061618878617203,1.0129084822297147,0.8548797110997447
2024-09-25,0.0068269257397337675,1,1,0.0,0.0068269257397337675,0.0,0.0068269257397337675,1.0198471912955065,0.8607358784688951
2024-09-26,-0.0018530740623745473,0,-1,2.0,-0.0018530740623745473,0.002,-0.003853074062374547,1.0179590888548549,0.857425780502512
2024-09-27,-0.007657218240097243,0,-1,0.0,0.007657218240097243,0.0,0.007657218240097243,1.0101941209192953,0.8640164778297399
2024-09-30,0.005312771239497698,1,1,2.0,-0.005312771239497698,0.002,-0.007312771239497698,1.0155753331086066,0.8577211691107823
2024-10-01,-0.02258637271065383,1,1,0.0,-0.02258637271065383,0.0,-0.02258637271065383,0.9928942757362628,0.838565501961475
2024-10-02,-0.008498345127541341,1,1,0.0,-0.008498345127541341,0.0,-0.008498345127541341,0.984492070494405,0.8314692786994392
2024-10-03,-0.001415384475630315,0,-1,2.0,-0.001415384475630315,0.002,-0.003415384475630315,0.9830996213593498,0.8286343353994391
2024-10-04,-0.0011531047254359297,1,1,2.0,0.0011531047254359297,0.002,-0.0008468952745640703,0.9819666578786949,0.827932865973945
2024-10-07,-0.01579481278172886,1,1,0.0,-0.01579481278172886,0.0,-0.01579481278172886,0.9665785246145576,0.8149585545009989
2024-10-08,0.012544838026224353,1,1,0.0,0.012544838026224353,0.0,0.012544838026224353,0.9787804713472027,0.8252464727798577
2024-10-09,0.006609314635004209,1,1,0.0,0.006609314635004209,0.0,0.006609314635004209,0.9852709646701653,0.830718850783072
2024-10-10,-0.0038882042900670027,1,1,0.0,-0.0038882042900670027,0.0,-0.0038882042900670027,0.9814474679636146,0.8274951175117867
2024-10-11,0.0011537143710296115,1,1,0.0,0.0011537143710296115,0.0,0.0011537143710296115,0.9825804314442698,0.8284503614541919
2024-10-14,0.006750843104606193,1,1,0.0,0.006750843104606193,0.0,0.006750843104606193,0.9892361182461779,0.8340620202663485
2024-10-15,-0.0009548896996011964,0,-1,2.0,-0.0009548896996011964,0.002,-0.0029548896996011965,0.9882919577227121,0.8316010966633411
2024-10-16,-0.0062765554404319605,0,-1,0.0,0.0062765554404319605,0.0,0.0062765554404319605,0.9821083147481569,0.8368371019000276
2024-10-17,0.0014408173682068026,0,-1,0.0,-0.0014408173682068026,0.0,-0.0014408173682068026,0.9835243733614557,0.8356322406701797
2024-10-18,0.0034497220451878224,0,-1,0.0,-0.0034497220451878224,0.0,-0.0034497220451878224,0.9869231180659007,0.8327545082502451
2024-10-21,0.001481420706628291,0,-1,0.0,-0.001481420706628291,0.0,-0.001481420706628291,0.9883862498981668,0.8315217618116847
2024-10-22,0.020632017470395062,1,1,2.0,-0.020632017470395062,0.002,-0.02263201747039506,1.0089904747414298,0.8129141054164177
2024-10-23,-0.006830029155284499,1,1,0.0,-0.006830029155284499,0.0,-0.006830029155284499,1.0021225212416087,0.8073807962176571
2024-10-24,0.00030608086953634844,0,-1,2.0,0.00030608086953634844,0.002,-0.0016939191304636515,1.0024292987212562,0.806014316121507
2024-10-25,0.008019938402698117,1,1,2.0,-0.008019938402698117,0.002,-0.010019938402698117,1.0105010441364632,0.7979784291016684
2024-10-28,-0.0036502324587011593,0,-1,2.0,-0.0036502324587011593,0.002,-0.005650232458701159,1.0068192042993744,0.7934823793048706
2024-10-29,0.012486419020354623,1,1,2.0,-0.012486419020354623,0.002,-0.014486419020354623,1.0194695853811286,0.7820705191373188
2024-10-30,0.0013418686542398706,0,-1,2.0,0.0013418686542398706,0.002,-0.0006581313457601295,1.0208384979067,0.7815559833487172
2024-10-31,-0.06243685357917225,0,-1,0.0,0.06243685357917225,0.0,0.06243685357917225,0.9590495785926748,0.8319094798440614
2024-11-01,0.009844384044293048,0,-1,0.0,-0.009844384044293048,0.0,-0.009844384044293048,0.9685374554899406,0.8237600224434324
2024-11-04,-0.004665257394376175,1,1,2.0,0.004665257394376175,0.002,0.002665257394376175,0.9640295025206042,0.8259584833651402
2024-11-05,0.007317863346840643,1,1,0.0,0.007317863346840643,0.0,0.007317863346840643,0.971110014193378,0.832024904224048
2024-11-06,0.020971431516667426,0,-1,2.0,0.020971431516667426,0.002,0.018971431516667428,0.9916906295583973,0.8479602882924052
2024-11-07,0.012417158714773825,1,1,2.0,-0.012417158714773825,0.002,-0.014417158714773825,1.004081379248231,0.8358228144108918
2024-11-08,-0.0068162602768291,0,-1,2.0,-0.0068162602768291,0.002,-0.0088162602768291,0.9972605718361375,0.8284863704530339
2024-11-11,-0.010778775029328943,1,1,2.0,0.010778775029328943,0.002,0.008778775029328943,0.9865690487610058,0.8357914839730456
2024-11-12,0.011937780065250635,0,-1,2.0,0.011937780065250635,0.002,0.009937780065250635,0.9984170719262762,0.8441388041391868
2024-11-13,0.005116516039656945,1,1,2.0,-0.005116516039656945,0.002,-0.007116516039656945,1.0035385798549072,0.8381528018039527
2024-11-14,0.003966820022744898,0,-1,2.0,0.003966820022744898,0.002,0.001966820022744898,1.0075273429091636,0.8398029197272058
2024-11-15,-0.028247928098136726,0,-1,0.0,0.028247928098136726,0.0,0.028247928098136726,0.9794650004787486,0.8638638479849057
2024-11-18,0.001829594919055898,1,1,2.0,-0.001829594919055898,0.002,-0.0038295949190558978,0.9812586650064254,0.8605619259293126
2024-11-19,0.004870746567937346,0,-1,2.0,0.004870746567937346,0.002,0.002870746567937346,0.9860497859771655,0.8630359305457418
2024-11-20,-0.00552043991414783,1,1,2.0,0.00552043991414783,0.002,0.0035204399141478297,0.9806213548313669,0.8660795509809861
2024-11-21,-0.004326014081422476,0,-1,2.0,-0.004326014081422476,0.002,-0.006326014081422476,0.9763883356935531,0.8606180126435773
2024-11-22,0.009953455002058161,0,-1,0.0,-0.009953455002058161,0.0,-0.009953455002058161,0.9861552999416617,0.8520943801474934
2024-11-25,0.00428340765650612,0,-1,0.0,-0.00428340765650612,0.0,-0.00428340765650612,0.9903884648169957,0.8484523183417995
2024-11-26,0.021730117127238817,1,1,2.0,-0.021730117127238817,0.002,-0.02373011712723882,1.0121452548373568,0.8285554565629912
2024-11-27,-0.011751230476258222,0,-1,2.0,-0.011751230476258222,0.002,-0.013751230476258222,1.0003209140190903,0.8172397800673638
2024-11-29,0.0011105665634608792,1,1,2.0,-0.0011105665634608792,0.002,-0.003110566563460879,1.0014324540843018,0.8147016508895316
2024-12-02,0.017602706225161968,1,1,0.0,0.017602706225161968,0.0,0.017602706225161968,1.019216439308849,0.8291695683838591
2024-12-03,0.0005102003000616262,1,1,0.0,0.0005102003000616262,0.0,0.0005102003000616262,1.0197365765178092,0.8295927188830274
2024-12-04,0.014321762340617395,1,1,0.0,0.014321762340617395,0.0,0.014321762340617395,1.0344460830199615,0.8415594363408031
2024-12-05,0.011817876221141325,0,-1,2.0,0.011817876221141325,0.002,0.009817876221141325,1.0467435606969815,0.8498624550300365
2024-12-06,0.002144060908442387,1,1,2.0,-0.002144060908442387,0.002,-0.004144060908442387,1.0489902503056485,0.8463478606289735
2024-12-09,0.005508083672941062,0,-1,2.0,0.005508083672941062,0.002,0.0035080836729410618,1.0547841182829034,0.8493221336895782
2024-12-10,-0.006049506340897516,0,-1,0.0,0.006049506340897516,0.0,0.006049506340897516,1.0484224569276408,0.8544756858291382
2024-12-11,0.012686376125345632,1,1,2.0,-0.012686376125345632,0.002,-0.014686376125345632,1.0618078651916285,0.8420182358263485
2024-12-12,0.0012685898666129729,1,1,0.0,0.0012685898666129729,0.0,0.0012685898666129729,1.0631557186455567,0.8430870894529169
2024-12-13,-0.005106846719802948,1,1,0.0,-0.005106846719802948,0.0,-0.005106846719802948,1.0577401852702801,0.838792548031446
2024-12-16,0.009612306849645272,1,1,0.0,0.009612306849645272,0.0,0.009612306849645272,1.0679565311613783,0.8468941545704614
2024-12-17,0.006335151068538097,0,-1,2.0,0.006335151068538097,0.002,0.004335151068538097,1.074743673206347,0.8505735382492459
2024-12-18,-0.038284634357638486,0,-1,0.0,0.038284634357638486,0.0,0.038284634357638486,1.0343751817164708,0.883768815211856
2024-12-19,-0.0008233726654762002,0,-1,0.0,0.0008233726654762002,0.0,0.0008233726654762002,1.0335238559932591,0.884496785951379
2024-12-20,-0.000984383789509035,0,-1,0.0,0.000984383789509035,0.0,0.000984383789509035,1.0325069724473022,0.8853678989337486
2024-12-23,-0.0030968750423406525,1,1,2.0,0.0030968750423406525,0.002,0.0010968750423406524,1.029314373464929,0.8863395696886579
2024-12-24,0.009330175444939717,1,1,0.0,0.009330175444939717,0.0,0.009330175444939717,1.0389629988467797,0.894647972533795
2024-12-26,-0.002780829657547815,0,-1,2.0,-0.002780829657547815,0.002,-0.004780829657547815,1.036077833162894,0.8903810208853701
2024-12-27,-0.01745293409853703,1,1,2.0,0.01745293409853703,0.002,0.015452934098537029,1.0181521182001247,0.9042468782924908
2024-12-30,-0.013328017141942152,1,1,0.0,-0.013328017141942152,0.0,-0.013328017141942152,1.0046721991544023,0.8922750181953201
2024-12-31,-0.007869258862804825,1,1,0.0,-0.007869258862804825,0.0,-0.007869258862804825,0.9967971993912257,0.8852810299443357
2025-01-02,-0.006951776555753182,1,1,0.0,-0.006951776555753182,0.0,-0.006951776555753182,0.9898917184799989,0.8791480961268195
2025-01-03,0.011331270313907123,1,1,0.0,0.011331270313907123,0.0,0.011331270313907123,1.0011722397423015,0.8891666149263299
2025-01-06,0.010573487903325409,1,1,0.0,0.010573487903325409,0.0,0.010573487903325409,1.0118142849293854,0.8986180868302335
2025-01-07,-0.01289097574255135,1,1,0.0,-0.01289097574255135,0.0,-0.01289097574255135,0.9988547216989035,0.8871083680114841
2025-01-08,0.0051716166392012175,1,1,0.0,0.0051716166392012175,0.0,0.0051716166392012175,1.0040337959479437,0.8917080360163185
2025-01-10,-0.01330177279666967,1,1,0.0,-0.01330177279666967,0.0,-0.01330177279666967,0.9907667994189742,0.8799252778398238
2025-01-13,-0.004209828091016413,1,1,0.0,-0.004209828091016413,0.0,-0.004209828091016413,0.9866046087158913,0.8762287300619004
2025-01-14,-0.003650074404963666,1,1,0.0,-0.003650074404963666,0.0,-0.003650074404963666,0.9830099927845359,0.8730362599226302
2025-01-15,0.025275085137600344,1,1,0.0,0.025275085137600344,0.0,0.025275085137600344,1.0081723043040232,0.8953835508975209
2025-01-16,-0.004066381700702156,1,1,0.0,-0.004066381700702156,0.0,-0.004066381700702156,1.004081014904431,0.8917499723765507
2025-01-17,0.010426461096747611,0,-1,2.0,0.010426461096747611,0.002,0.008426461096747611,1.0146047940940168,0.8992960174035551
2025-01-21,-0.0012361368726452522,0,-1,0.0,0.0012361368726452522,0.0,0.0012361368726452522,1.0133513785530632,0.9004083577308963
2025-01-22,0.04047659200178321,1,1,2.0,-0.04047659200178321,0.002,-0.04247659200178321,1.0552098175788895,0.8629629851242603
2025-01-23,0.0011422272033473832,0,-1,2.0,0.0011422272033473832,0.002,-0.0008577727966526168,1.0564157955570757,0.8622230763332861
2025-01-24,-0.005949855222460648,0,-1,0.0,0.005949855222460648,0.0,0.005949855222460648,1.0501489364585876,0.8673684708037768
2025-01-27,-0.021625682074325456,1,1,2.0,0.021625682074325456,0.002,0.019625682074325454,1.027682550453237,0.8845593078284644
2025-01-28,0.02867195175804015,1,1,0.0,0.02867195175804015,0.0,0.02867195175804015,1.0575747003162947,0.9102884392423525
2025-01-29,-0.010949792005265555,1,1,0.0,-0.010949792005265555,0.0,-0.010949792005265555,1.0460576470589955,0.9003753423886528
2025-01-30,-0.06380174414114581,0,-1,2.0,-0.06380174414114581,0.002,-0.06580174414114581,0.9814018521198477,0.8430362677696257
2025-01-31,0.0001686810143569308,1,1,2.0,-0.0001686810143569308,0.002,-0.002168681014356931,0.9815674099425932,0.8412099720634943
2025-02-03,-0.010024431175532911,0,-1,2.0,-0.010024431175532911,0.002,-0.012024431175532911,0.9717769090850006,0.8311554716200382
2025-02-04,0.0035222869339003103,0,-1,0.0,-0.0035222869339003103,0.0,-0.0035222869339003103,0.9752058214560902,0.8282330533815155
2025-02-05,0.0022285469867184098,1,1,2.0,-0.0022285469867184098,0.002,-0.00422854698671841,0.9773815368925064,0.8247382252293345
2025-02-06,0.006102982037674758,0,-1,2.0,0.006102982037674758,0.002,0.004102982037674758,0.9833647179082705,0.8281290628692897
2025-02-07,-0.014705285617547364,0,-1,0.0,0.014705285617547364,0.0,0.014705285617547364,0.9690098636610929,0.8403969173474956
2025-02-10,0.006009946568521812,1,1,2.0,-0.006009946568521812,0.002,-0.008009946568521812,0.9748510963323552,0.8336922707208617
2025-02-11,-0.0018939786451317867,1,1,0.0,-0.0018939786451317867,0.0,-0.0018939786451317867,0.9730064965414302,0.8321147697116786
2025-02-12,-0.0058502859942822895,1,1,0.0,-0.0058502859942822895,0.0,-0.0058502859942822895,0.9673307488241535,0.8272608725162428
2025-02-13,0.003660418864135105,1,1,0.0,0.003660418864135105,0.0,0.003660418864135105,0.9708780729302615,0.8302945426840566
2025-02-14,-0.005152834543135708,1,1,0.0,-0.005152834543135708,0.0,-0.005152834543135708,0.9658881659822106,0.8260271762422918
2025-02-18,0.0029582365878063795,0,-1,2.0,0.0029582365878063795,0.002,0.0009582365878063794,0.9687497221878526,0.826819085062497
2025-02-19,0.012445359500906122,1,1,2.0,-0.012445359500906122,0.002,-0.014445359500906122,0.9808814963046066,0.8149612377659078
2025-02-20,0.00527684518151524,0,-1,2.0,0.00527684518151524,0.002,0.00327684518151524,0.9860711365238483,0.8176361197645875
2025-02-21,-0.01921604864184559,0,-1,0.0,0.01921604864184559,0.0,0.01921604864184559,0.967303641645429,0.8334997855562203
2025-02-24,-0.010366931864570437,1,1,2.0,0.010366931864570437,0.002,0.008366931864570437,0.9573274711873279,0.840502877814424
2025-02-25,-0.01521414725229338,1,1,0.0,-0.01521414725229338,0.0,-0.01521414725229338,0.9428727867389349,0.8278121275305054
2025-02-26,0.0045886131206852,1,1,0.0,0.0045886131206852,0.0,0.0045886131206852,0.9472092066472049,0.8316193654109688
2025-02-27,-0.018176263514377698,1,1,0.0,-0.018176263514377698,0.0,-0.018176263514377698,0.9301480066532091,0.8166401779066808
2025-02-28,0.011298050048593996,1,1,0.0,0.011298050048593996,0.0,0.011298050048593996,0.9407164543926817,0.8259189367498185
2025-03-03,-0.021643670751607412,1,1,0.0,-0.021643670751607412,0.0,-0.021643670751607412,0.9205746547004502,0.8082350813135113
2025-03-04,0.0003088971056495584,1,1,0.0,0.0003088971056495584,0.0,0.0003088971056495584,0.9208590614707741,0.808484781354638
2025-03-05,0.03143500238120612,0,-1,2.0,0.03143500238120612,0.002,0.029435002381206117,0.9502660511296769,0.8326362381643562
2025-03-06,-0.010352085892590259,1,1,2.0,0.010352085892590259,0.002,0.008352085892590259,0.9404795580538851,0.839619609807609
2025-03-07,-0.00906104418340054,0,-1,2.0,-0.00906104418340054,0.002,-0.01106104418340054,0.9319963227508945,0.830383713698669
2025-03-10,-0.03400592960461345,1,1,2.0,0.03400592960461345,0.002,0.032005929604613445,0.9008357463823209,0.8573908044875462
2025-03-11,0.0007625035583681244,1,1,0.0,0.0007625035583681244,0.0,0.0007625035583681244,0.9015228987892271,0.8580448173387557
2025-03-12,0.00738496234587349,1,1,0.0,0.00738496234587349,0.0,0.00738496234587349,0.9082052555572994,0.8644049015919162
2025-03-13,-0.01181048331043062,1,1,0.0,-0.01181048331043062,0.0,-0.01181048331043062,0.8975420055610521,0.8542559121346815
2025-03-14,0.02551831981779818,0,-1,2.0,0.02551831981779818,0.002,0.02351831981779818,0.9207405039982358,0.874584688213382
2025-03-17,0.0003603453372175749,1,1,2.0,-0.0003603453372175749,0.002,-0.002360345337217575,0.9210723483313272,0.8725228006631589
2025-03-18,-0.013416093695738544,1,1,0.0,-0.013416093695738544,0.0,-0.013416093695738544,0.9087976785761909,0.8608951264078524
2025-03-19,0.011149551447065257,0,-1,2.0,0.011149551447065257,0.002,0.009149551447065257,0.9189870630260849,0.8688080754223353
2025-03-20,-0.0025302496064162376,1,1,2.0,0.0025302496064162376,0.002,0.0005302496064162375,0.9166647356445262,0.8692688827230273
2025-03-21,0.011361273244653905,1,1,0.0,0.011361273244653905,0.0,0.011361273244653905,0.9271385997335042,0.8792011990655089
2025-03-24,0.004640800550818956,1,1,0.0,0.004640800550818956,0.0,0.004640800550818956,0.9314512644260103,0.8832908788285009
2025-03-25,0.005277622425667818,0,-1,2.0,0.005277622425667818,0.002,0.003277622425667818,0.9363801073531717,0.8861907225216584
2025-03-26,-0.013220944205326898,0,-1,0.0,0.013220944205326898,0.0,0.013220944205326898,0.9240817552510319,0.8979847932013251
2025-03-27,0.001562952027639864,1,1,2.0,-0.001562952027639864,0.002,-0.003562952027639864,0.9255271799746151,0.894791009489332
2025-03-28,-0.030624504313062854,0,-1,2.0,-0.030624504313062854,0.002,-0.03262450431306285,0.8976129797333031,0.8660699489359399
2025-03-31,-0.009042798662692007,0,-1,0.0,0.009042798662692007,0.0,0.009042798662692007,0.8895326358044147,0.8739371623154115
2025-04-01,0.017952420337894296,1,1,2.0,-0.017952420337894296,0.002,-0.019952420337894294,0.905646104705704,0.8566728062880322
2025-04-02,-0.0001307568995740601,1,1,0.0,-0.0001307568995740601,0.0,-0.0001307568995740601,0.9055276929706857,0.856560797731038
2025-04-03,-0.02391391388900977,1,1,0.0,-0.02391391388900977,0.0,-0.02391391388900977,0.8841298544621401,0.8363200588062341
2025-04-04,-0.036213646159083984,1,1,0.0,-0.036213646159083984,0.0,-0.036213646159083984,0.8526850899295225,0.8065756867659242
2025-04-07,-0.0055177498019892135,1,1,0.0,-0.0055177498019892135,0.0,-0.0055177498019892135,0.8479931433411577,0.8021374597035837
2025-04-08,-0.009264277039620341,1,1,0.0,-0.009264277039620341,0.0,-0.009264277039620341,0.8401733780980697,0.7947405524563685
2025-04-09,0.0965247508184018,0,-1,2.0,0.0965247508184018,0.002,0.0945247508184018,0.9253138931140623,0.8735282437895395
2025-04-10,-0.023684766174878687,1,1,2.0,0.023684766174878687,0.002,0.02168476617487869,0.9036555487884764,0.8926773713124849
2025-04-11,0.018447013458533106,0,-1,2.0,0.018447013458533106,0.002,0.016447013458533104,0.9204799981811953,0.9074806492137288
2025-04-14,-0.0016490757933640197,0,-1,0.0,0.0016490757933640197,0.0,0.0016490757933640197,0.918963307810321,0.9089783881884185
2025-04-15,-0.005377837130719337,0,-1,0.0,0.005377837130719337,0.0,0.005377837130719337,0.9140345377519196,0.9138798938519309
2025-04-16,-0.03729273027552107,0,-1,0.0,0.03729273027552107,0.0,0.03729273027552107,0.8805754620863109,0.9486044323318292
2025-04-17,-0.010359988149301806,0,-1,0.0,0.010359988149301806,0.0,0.010359988149301806,0.8714998037644288,0.9584830458131853
2025-04-21,-0.023828343588713812,1,1,2.0,0.023828343588713812,0.002,0.021828343588713814,0.8509788679138588,0.9796351610129606
2025-04-22,0.021214782509787856,1,1,0.0,0.021214782509787856,0.0,0.021214782509787856,0.8692250596831576,1.0006399258617156
2025-04-23,0.020426670925873244,1,1,0.0,0.020426670925873244,0.0,0.020426670925873244,0.8871630165976087,1.0212898549877
2025-04-24,0.03390155988936433,0,-1,2.0,0.03390155988936433,0.002,0.03190155988936433,0.9177548522942942,1.0543958533119169
2025-04-25,0.01167955326887017,1,1,2.0,-0.01167955326887017,0.002,-0.01367955326887017,0.9285366597630799,1.0400703953954888
2025-04-28,-0.0017624187976570203,0,-1,2.0,-0.0017624187976570203,0.002,-0.0037624187976570203,0.9269016305259472,1.0361645672770403
2025-04-29,0.007335676459733854,1,1,2.0,-0.007335676459733854,0.002,-0.009335676459733853,0.9337260813760414,1.026536283319055
2025-04-30,0.0030913308271862654,1,1,0.0,0.0030913308271862654,0.0,0.0030913308271862654,0.936617003691968,1.0297145565929278
2025-05-01,0.0734861238690733,0,-1,2.0,0.0734861238690733,0.002,0.0714861238690733,1.008037424229241,1.1060197478965088
2025-05-02,0.02295958736136015,0,-1,0.0,-0.02295958736136015,0.0,-0.02295958736136015,1.0314492823957377,1.080915287687904
2025-05-05,0.0020425769420694337,0,-1,0.0,-0.0020425769420694337,0.0,-0.0020425769420694337,1.0335582500479836,1.078709688364938
2025-05-06,-0.006578635104513526,0,-1,0.0,0.006578635104513526,0.0,0.006578635104513526,1.0267811638918967,1.0858295194959895
2025-05-07,9.232530148791122e-05,0,-1,0.0,-9.232530148791122e-05,0.0,-9.232530148791122e-05,1.0268759661486713,1.0857292745858795
2025-05-08,0.011061190757678177,0,-1,0.0,-0.011061190757678177,0.0,-0.011061190757678177,1.0382974884615956,1.0737859912077685
2025-05-09,0.001277250229230313,1,1,2.0,-0.001277250229230313,0.002,-0.0032772502292303133,1.0396245014501606,1.070272685956674
2025-05-12,0.02371755717972926,0,-1,2.0,0.02371755717972926,0.002,0.021717557179729258,1.0645765865970152,1.0937706296150258
2025-05-13,-0.00026698511531730103,0,-1,0.0,0.00026698511531730103,0.0,0.00026698511531730103,1.0642923984329715,1.0940626890787342
2025-05-14,0.00842492892589001,1,1,2.0,-0.00842492892589001,0.002,-0.01042492892589001,1.0732968639763223,1.0827164081492398
2025-05-15,0.002253525213353704,0,-1,2.0,0.002253525213353704,0.002,0.00025352521335370417,1.0757182928714966,1.082990938856375
2025-05-16,0.0025126904358643127,0,-1,0.0,-0.0025126904358643127,0.0,-0.0025126904358643127,1.0784246386183145,1.0802731338134826
2025-05-19,0.010075195089195408,0,-1,0.0,-0.010075195089195408,0.0,-0.010075195089195408,1.0893448967311214,1.0694438165889986
2025-05-20,-0.0015265760973737531,0,-1,0.0,0.0015265760973737531,0.0,0.0015265760973737531,1.0876831975278247,1.0710776507256623
2025-05-21,-0.012297847710938498,1,1,2.0,0.012297847710938498,0.002,0.010297847710938498,1.0743889480826112,1.0821644322781852
2025-05-22,0.0050472095157763144,1,1,0.0,0.0050472095157763144,0.0,0.0050472095157763144,1.079825321923251,1.0876401498210797
2025-05-23,-0.010342208052536684,0,-1,2.0,-0.010342208052536684,0.002,-0.012342208052536684,1.0687150949530948,1.0742987692106865
2025-05-27,0.023077887913620077,1,1,2.0,-0.023077887913620077,0.002,-0.025077887913620076,1.093665576987229,1.0476926323197637
2025-05-28,-0.007254590473756205,1,1,0.0,-0.007254590473756205,0.0,-0.007254590473756205,1.0857601909511279,1.040119554333271
2025-05-29,0.0028820428859637954,0,-1,2.0,0.0028820428859637954,0.002,0.0008820428859637954,1.088893911975412,1.0410373891120348
2025-05-30,0.003655906508106462,1,1,2.0,-0.003655906508106462,0.002,-0.005655906508106462,1.092882092079588,1.0351659986373596
2025-06-02,0.0034911764734338736,1,1,0.0,0.0034911764734338736,0.0,0.0034911764734338736,1.0967042042796986,1.0387862616293195
2025-06-03,0.0021623201438499147,0,-1,2.0,0.0021623201438499147,0.002,0.0001623201438499147,1.0990781956121054,1.0389548912503583
2025-06-04,0.0019420919004993064,0,-1,0.0,-0.0019420919004993064,0.0,-0.0019420919004993064,1.1012147805243955,1.0369391034272615
2025-06-05,0.008179959295001706,0,-1,0.0,-0.008179959295001706,0.0,-0.008179959295001706,1.1102596153607927,1.028491581067499
2025-06-06,0.005756602459714885,0,-1,0.0,-0.005756602459714885,0.0,-0.005756602459714885,1.116669370097663,1.0225879725687703
2025-06-09,0.0050258528675116935,0,-1,0.0,-0.0050258528675116935,0.0,-0.0050258528675116935,1.122295712795652,1.0174614891411702
2025-06-10,-0.0038784722638328384,1,1,2.0,0.0038784722638328384,0.002,0.0018784722638328383,1.1179513501925409,1.0193745585894414
2025-06-11,0.003603463074292599,1,1,0.0,0.003603463074292599,0.0,0.003603463074292599,1.1219871135970043,1.0230544633887761
2025-06-12,0.01313740346725148,0,-1,2.0,0.01313740346725148,0.002,0.01113740346725148,1.1368243590354565,1.0345123206687246
2025-06-13,-0.008198578582541157,1,1,2.0,0.008198578582541157,0.002,0.006198578582541157,1.1275421177789426,1.0409447419215732
2025-06-16,0.008762294353875523,1,1,0.0,0.008762294353875523,0.0,0.008762294353875523,1.1374653855172754,1.0501058838532333
2025-06-17,-0.0022984435487914917,0,-1,2.0,-0.0022984435487914917,0.002,-0.004298443548791492,1.134853987764752,1.04560175030822
2025-06-18,0.004591552451335456,1,1,2.0,-0.004591552451335456,0.002,-0.006591552451335456,1.1400767104010388,1.0387322766482057
2025-06-20,-0.005931288264851968,1,1,0.0,-0.005931288264851968,0.0,-0.005931288264851968,1.1333346012497572,1.032589491409081
2025-06-23,0.017853959924301718,1,1,0.0,0.017853959924301718,0.0,0.017853959924301718,1.153750824692191,1.0511908627584332
2025-06-24,0.008421128480588666,0,-1,2.0,0.008421128480588666,0.002,0.006421128480588666,1.163507733051418,1.057962411571898
2025-06-25,0.004397547736045845,0,-1,0.0,-0.004397547736045845,0.0,-0.004397547736045845,1.1686355805621704,1.0533201860493457
2025-06-26,0.010467770381471207,0,-1,0.0,-0.010467770381471207,0.0,-0.010467770381471207,1.1809328396329104,1.0423517797373363
2025-06-27,-0.00304016490051931,1,1,2.0,0.00304016490051931,0.002,0.0010401649005193098,1.1773480609841565,1.0434365615507906
2025-06-30,0.0029597608265007147,0,-1,2.0,0.0029597608265007147,0.002,0.0009597608265007147,1.1808378916386153,1.044438491817306
2025-07-01,-0.0108343552066878,0,-1,0.0,0.0108343552066878,0.0,0.0108343552066878,1.1681133301591697,1.0558158312051016
2025-07-02,-0.0019528896929048721,1,1,2.0,0.0019528896929048721,0.002,-4.711030709512792e-05,1.1658343596898177,1.055766092568668
2025-07-03,0.0156579747361966,0,-1,2.0,0.0156579747361966,0.002,0.013657974736196598,1.1842326285612599,1.0702846404781237
2025-07-07,-0.0022477210393946462,1,1,2.0,0.0022477210393946462,0.002,0.0002477210393946462,1.1815737932459691,1.0705498053438132
2025-07-08,-0.0022125471579659004,0,-1,2.0,-0.0022125471579659004,0.002,-0.0042125471579659,1.1789623954934456,1.066049549229363
2025-07-09,0.013778453499477553,1,1,2.0,-0.013778453499477553,0.002,-0.015778453499477554,1.1953191003156525,1.0493609424229042
2025-07-10,-0.004039855451496338,0,-1,2.0,-0.004039855451496338,0.002,-0.006039855451496338,1.190499924872308,1.0430420558044455
2025-07-11,0.0036624309212508993,0,-1,0.0,-0.0036624309212508993,0.0,-0.0036624309212508993,1.1948680426911826,1.0392289731651834
2025-07-14,-0.0005962429187498232,0,-1,0.0,0.0005962429187498232,0.0,0.0005962429187498232,1.1941558234308327,1.0398487908439813
2025-07-15,0.0055509749922627895,1,1,2.0,-0.0055509749922627895,0.002,-0.0075509749922627895,1.2008029845878199,1.032026488799271
2025-07-16,-0.0003954909711362287,0,-1,2.0,-0.0003954909711362287,0.002,-0.002395490971136229,1.2003281717475864,1.0295572373789115
2025-07-17,0.011953129932020409,1,1,2.0,-0.011953129932020409,0.002,-0.013953129932020409,1.2147619428618561,1.0152914491214602
2025-07-18,-0.0032297597105975942,0,-1,2.0,-0.0032297597105975942,0.002,-0.005229759710597594,1.210844882667451,1.0099955789409176
2025-07-21,1.9618518509846198e-05,1,1,2.0,-1.9618518509846198e-05,0.002,-0.002019618518509846,1.2108686378832145,1.0079578315948539
2025-07-22,-0.00943547453188553,1,1,0.0,-0.00943547453188553,0.0,-0.00943547453188553,1.1994972492771778,0.9984919986853483
2025-07-23,0.0011867643937927476,1,1,0.0,0.0011867643937927476,0.0,0.0011867643937927476,1.200921614929118,0.999677676858034
2025-07-24,0.009855098900553631,1,1,0.0,0.009855098900553631,0.0,0.009855098900553631,1.212815326806915,1.009578304935177
2025-07-25,0.0055241236613016486,0,-1,2.0,0.0055241236613016486,0.002,0.0035241236613016485,1.219533607873673,1.0131424603009285
2025-07-28,-0.0023581759014073716,0,-1,0.0,0.0023581759014073716,0.0,0.0023581759014073716,1.216661121354029,1.0155344476905266
2025-07-29,0.00013654535950257234,0,-1,0.0,-0.00013654535950257234,0.0,-0.00013654535950257234,1.2168272621268548,1.0153957906409832
2025-07-30,0.0013062993268246885,0,-1,0.0,-0.0013062993268246885,0.0,-0.0013062993268246885,1.2184178414203806,1.0140702457708883
2025-07-31,0.038715532668236165,1,1,2.0,-0.038715532668236165,0.002,-0.040715532668236167,1.2665145749907707,0.973611082861761
2025-08-01,-0.017757575991914736,1,1,0.0,-0.017757575991914736,0.0,-0.017757575991914736,1.244222855403167,0.956474710588512
2025-08-04,0.02176088366095922,0,-1,2.0,0.02176088366095922,0.002,0.019760883660959218,1.2715949849387553,0.975563480384236
2025-08-05,-0.014839819616448471,0,-1,0.0,0.014839819616448471,0.0,0.014839819616448471,1.252864070177862,0.9901486192112466
2025-08-06,-0.005338583656342816,1,1,2.0,0.005338583656342816,0.002,0.003338583656342816,1.2461933724113914,0.9934598375227561
2025-08-07,-0.007841026390804359,1,1,0.0,-0.007841026390804359,0.0,-0.007841026390804359,1.2364601463991678,0.9857005528509357
2025-08-08,0.0023010558685403588,1,1,0.0,0.0023010558685403588,0.0,0.0023010558685403588,1.2393085862280078,0.9879713164677226
2025-08-11,-0.0005172025843209707,0,-1,2.0,-0.0005172025843209707,0.002,-0.0025172025843209706,1.2386677783524687,0.9854875199377056
2025-08-12,0.014215182172784797,1,1,2.0,-0.014215182172784797,0.002,-0.016215182172784795,1.2564014112638484,0.9696365210004948
2025-08-13,-0.01649832570302204,1,1,0.0,-0.01649832570302204,0.0,-0.01649832570302204,1.2358429480018727,0.9537703840989084
2025-08-14,0.0036430354469972745,1,1,0.0,0.0036430354469972745,0.0,0.0036430354469972745,1.2403533785090495,0.9572513401898395
2025-08-15,-0.004431088881465546,1,1,0.0,-0.004431088881465546,0.0,-0.004431088881465546,1.2348694213681222,0.9530190581534038
2025-08-18,-0.0059193573972328144,0,-1,2.0,-0.0059193573972328144,0.002,-0.007919357397232814,1.2275813794668364,0.9455015657689931
2025-08-19,-0.014276683097723557,0,-1,0.0,0.014276683097723557,0.0,0.014276683097723557,1.2101801009698683,0.9590970099942616
2025-08-20,-0.00797637071429298,0,-1,0.0,0.00797637071429298,0.0,0.00797637071429298,1.200565651036463,0.966777714648695
2025-08-21,-0.0012883601739178386,1,1,2.0,0.0012883601739178386,0.002,-0.0007116398260821615,1.1990198860303443,0.9660899618691414
2025-08-22,0.005912290029565607,1,1,0.0,0.005912290029565607,0.0,0.005912290029565607,1.2061298366821627,0.9718186841648556
2025-08-25,-0.005872544882251361,1,1,0.0,-0.005872544882251361,0.0,-0.005872544882251361,1.1990675421993917,0.9661283600200598
2025-08-26,-0.004412227578508171,1,1,0.0,-0.004412227578508171,0.0,-0.004412227578508171,1.1937886377491362,0.9618749721834805
2025-08-27,0.009318264045292216,1,1,0.0,0.009318264045292216,0.0,0.009318264045292216,1.2049646652095827,0.9708798669887346
2025-08-28,0.005706561624243669,0,-1,2.0,0.005706561624243669,0.002,0.0037065616242436686,1.2118605274444878,0.9744851705577414
2025-08-29,-0.005805259692780816,0,-1,0.0,0.005805259692780816,0.0,0.005805259692780816,1.2048457433932442,0.9801587624429151
2025-09-02,-0.003103369107083713,1,1,2.0,0.003103369107083713,0.002,0.0011033691070837129,1.2011124582115875,0.9812408361950283
2025-09-03,0.0004552682916525242,1,1,0.0,0.0004552682916525242,0.0,0.0004552682916525242,1.2016594111242318,0.9816876657401665
2025-09-04,0.005171154071776547,1,1,0.0,0.005171154071776547,0.0,0.005171154071776547,1.2078894714989143,0.9867772721378066
2025-09-05,-0.025864628358700167,1,1,0.0,-0.025864628358700167,0.0,-0.025864628358700167,1.17704842464299,0.9615818839798177
2025-09-08,0.006443817121539553,1,1,0.0,0.006443817121539553,0.0,0.006443817121539553,1.1846575991696455,0.9677981485137871
2025-09-09,0.00042138045152580184,0,-1,2.0,0.00042138045152580184,0.002,-0.0015786195484741982,1.1851568959132428,0.9662715686989599
2025-09-10,0.003924835333552764,1,1,2.0,-0.003924835333552764,0.002,-0.005924835333552764,1.1898175818035626,0.9605634951626648
2025-09-11,0.0012782561102659654,1,1,0.0,0.0012782561102659654,0.0,0.0012782561102659654,1.1913394458563977,0.9617921264050591
2025-09-12,0.017588555726204592,0,-1,2.0,0.017588555726204592,0.002,0.015588555726204592,1.2124787460044235,0.9769025453800579
2025-09-15,0.01065103481439463,0,-1,0.0,-0.01065103481439463,0.0,-0.01065103481439463,1.225461918713149,0.9665527382807222
2025-09-16,-0.012339077089064716,1,1,2.0,0.012339077089064716,0.002,0.010339077089064716,1.2104337571234676,0.976597840614106
2025-09-17,0.0019233021834196365,1,1,0.0,0.0019233021834196365,0.0,0.0019233021834196365,1.2127640271998674,0.9784779407941175
2025-09-18,-0.003083015295126659,0,-1,2.0,-0.003083015295126659,0.002,-0.005083015295126659,1.2090308148869708,0.9735169415540837
2025-09-19,0.018473260574695834,0,-1,0.0,-0.018473260574695834,0.0,-0.018473260574695834,1.2315731301402533,0.9556980031054799
2025-09-22,-0.00674170396062263,1,1,2.0,0.00674170396062263,0.002,0.00474170396062263,1.223298153753375,0.9602404009540549
2025-09-23,-0.01019860964397128,1,1,0.0,-0.01019860964397128,0.0,-0.01019860964397128,1.2108856163042976,0.95049705269477
2025-09-24,0.0018049158360357077,1,1,0.0,0.0018049158360357077,0.0,0.0018049158360357077,1.2130731364798353,0.9522141690363656
2025-09-25,-0.00613457935532753,1,1,0.0,-0.00613457935532753,0.0,-0.00613457935532753,1.2056542222855693,0.9463906164390795
2025-09-26,0.008699141267967558,1,1,0.0,0.008699141267967558,0.0,0.008699141267967558,1.2161881302327966,0.9546593152512399
2025-09-29,0.006120493444398394,0,-1,2.0,0.006120493444398394,0.002,0.004120493444398394,1.2236546277273501,0.9586010981695863
2025-09-30,0.006488918695771688,0,-1,0.0,-0.006488918695771688,0.0,-0.006488918695771688,1.2316206405717807,0.952400951461133
2025-10-01,0.003392200749707718,0,-1,0.0,-0.003392200749707718,0.0,-0.003392200749707718,1.2358056391967471,0.94917568970001
2025-10-02,-0.007668305665979179,1,1,2.0,0.007668305665979179,0.002,0.005668305665979179,1.2263653455997687,0.9545711848515245
2025-10-03,0.003116865423178031,0,-1,2.0,0.003116865423178031,0.002,0.0011168654231780311,1.2301937245132402,0.9556379079840538
2025-10-06,0.021455827695391016,1,1,2.0,-0.021455827695391016,0.002,-0.023455827695391014,1.2568737465662416,0.933483470931339
2025-10-07,-0.008721831535095682,1,1,0.0,-0.008721831535095682,0.0,-0.008721831535095682,1.2459591722167156,0.9253771875632848
2025-10-08,0.0016589857908293844,1,1,0.0,0.0016589857908293844,0.0,0.0016589857908293844,1.248027916313435,0.9269136493003131
2025-10-09,-0.004678862571105753,1,1,0.0,-0.004678862571105753,0.0,-0.004678862571105753,1.242202204688055,0.9225868777979551
2025-10-10,-0.022142294719191144,0,-1,2.0,-0.022142294719191144,0.002,-0.024142294719191146,1.214999276413213,0.9005802278758647
2025-10-13,0.006029238522721627,1,1,2.0,-0.006029238522721627,0.002,-0.008029238522721627,1.2223469249601877,0.8933782064832269
2025-10-14,-0.0009342866778087992,1,1,0.0,-0.0009342866778087992,0.0,-0.0009342866778087992,1.2212054358346114,0.892543924916428
2025-10-15,-0.0002725479023386769,1,1,0.0,-0.0002725479023386769,0.0,-0.0002725479023386769,1.22087264420764,0.8923006970890696
2025-10-16,-0.0035511569119545737,0,-1,2.0,-0.0035511569119545737,0.002,-0.005551156911954574,1.2165448228130513,0.887361118778582
2025-10-17,0.0038432762301217173,0,-1,0.0,-0.0038432762301217173,0.0,-0.0038432762301217173,1.221229336787895,0.8839572900001279
2025-10-20,0.006230631655657903,0,-1,0.0,-0.006230631655657903,0.0,-0.006230631655657903,1.228862120792794,0.8784668000989712
2025-10-21,0.0016821661103704202,0,-1,0.0,-0.0016821661103704202,0.0,-0.0016821661103704202,1.2309310106270337,0.8769903152133429
2025-10-22,0.005548017386565068,0,-1,0.0,-0.005548017386565068,0.0,-0.005548017386565068,1.2377792166928916,0.8721382298694083
2025-10-23,3.850060739009602e-05,0,-1,0.0,-3.850060739009602e-05,0.0,-3.850060739009602e-05,1.237826872861939,0.8721046526642057
2025-10-24,0.00584194641894034,0,-1,0.0,-0.00584194641894034,0.0,-0.00584194641894034,1.2450793548083394,0.8670247168156248
2025-10-27,0.01499383734595132,0,-1,0.0,-0.01499383734595132,0.0,-0.01499383734595132,1.263888530617485,0.8541216641061485
2025-10-28,0.01965415727436889,1,1,2.0,-0.01965415727436889,0.002,-0.02165415727436889,1.2889749128890404,0.8358251915403332
2025-10-29,-0.0009598141785635673,0,-1,2.0,-0.0009598141785635673,0.002,-0.0029598141785635674,1.2877383300316494,0.8333549618014845
2025-10-30,-0.029590445980310513,1,1,2.0,0.029590445980310513,0.002,0.02759044598031051,1.250191827010729,0.8566677227422675
2025-10-31,-0.015236525400138043,0,-1,2.0,-0.015236525400138043,0.002,-0.017236525400138043,1.2312876303385287,0.8420282768143454
2025-11-03,-0.0015074088681434853,1,1,2.0,0.0015074088681434853,0.002,-0.0004925911318565148,1.2294329746587223,0.8416136032930488
2025-11-04,-0.0052357444173193966,0,-1,2.0,-0.0052357444173193966,0.002,-0.007235744417319397,1.2230127996891706,0.8355458810784985
2025-11-05,-0.014038629624112751,0,-1,0.0,0.014038629624112751,0.0,0.014038629624112751,1.2059633315655367,0.8473585228831115
2025-11-06,-0.020035324263284925,0,-1,0.0,0.020035324263284925,0.0,0.020035324263284925,1.1820419021602813,0.864506838056241
2025-11-07,-0.0005634228707259525,1,1,2.0,0.0005634228707259525,0.002,-0.0014365771292740475,1.1813761003000585,0.8632657989422254
2025-11-10,0.018308909344763428,1,1,0.0,0.018308909344763428,0.0,0.018308909344763428,1.2032050303928306,0.8792168316165826
2025-11-11,0.005282431185985817,0,-1,2.0,0.005282431185985817,0.002,0.0032824311859858167,1.209577694930855,0.8821075420474974
2025-11-12,0.004824422150558545,1,1,2.0,-0.004824422150558545,0.002,-0.006824422150558545,1.2154273075095188,0.8761081622325669
2025-11-13,-0.015477005621992168,0,-1,2.0,-0.015477005621992168,0.002,-0.01747700562199217,1.196760954469995,0.8609294406116432
2025-11-14,0.013597085691179728,1,1,2.0,-0.013597085691179728,0.002,-0.015597085691179728,1.213144547864646,0.8476056267902183
2025-11-17,-0.005286604464892409,1,1,0.0,-0.005286604464892409,0.0,-0.005286604464892409,1.206748055242098,0.8431364947744687
2025-11-18,-0.027366645572650034,1,1,0.0,-0.027366645572650034,0.0,-0.027366645572650034,1.1741712016539454,0.8203755431194975
2025-11-19,-0.01359985926335979,0,-1,2.0,-0.01359985926335979,0.002,-0.01559985926335979,1.1583107330874154,0.8076771045496511
2025-11-20,-0.016130752130625807,0,-1,0.0,0.016130752130625807,0.0,0.016130752130625807,1.1397761996347522,0.8208111902745706
2025-11-21,-0.013276705058988399,0,-1,0.0,0.013276705058988399,0.0,0.013276705058988399,1.12474373878823,0.831781522141884
2025-11-24,0.00397416003412538,0,-1,0.0,-0.00397416003412538,0.0,-0.00397416003412538,1.129222544253562,0.8284824491236477
2025-11-25,0.006288127313256544,1,1,2.0,-0.006288127313256544,0.002,-0.008288127313256545,1.1363456112821821,0.8216442581518362
2025-11-26,0.017683784095154906,1,1,0.0,0.017683784095154906,0.0,0.017683784095154906,1.156619230561274,0.8363032692020277
2025-11-28,0.013319822731352777,1,1,0.0,0.013319822731352777,0.0,0.013319822731352777,1.1721282530982697,0.8475171984771993
2025-12-01,-0.010768997568688727,0,-1,2.0,-0.010768997568688727,0.002,-0.012768997568688727,1.1595733300921303,0.8367640529803217
2025-12-02,0.006675328097538651,0,-1,0.0,-0.006675328097538651,0.0,-0.006675328097538651,1.16733975540289,0.8311969800779195
2025-12-03,-0.025359686639780894,0,-1,0.0,0.025359686639780894,0.0,0.025359686639780894,1.1381085980618943,0.8525454258654248
2025-12-04,0.006488829072488685,0,-1,0.0,-0.006488829072488685,0.0,-0.006488829072488685,1.145517602104799,0.8470313137335898
2025-12-05,0.004813310246453404,0,-1,0.0,-0.004813310246453404,0.0,-0.004813310246453404,1.151044624682893,0.8429640855002379
2025-12-08,0.016137000980794174,0,-1,0.0,-0.016137000980794174,0.0,-0.016137000980794174,1.1697697099429856,0.829470340331407
2025-12-09,0.0020344823434482223,0,-1,0.0,-0.0020344823434482223,0.0,-0.0020344823434482223,1.1721520083140335,0.8277845130440004
2025-12-10,-0.027737779361902727,1,1,2.0,0.027737779361902727,0.002,0.025737779361902725,1.1400858918648,0.8493663916483833
2025-12-11,0.010207703021102152,1,1,0.0,0.010207703021102152,0.0,0.010207703021102152,1.151783149565607,0.8580808732821004
2025-12-12,-0.010270341829200724,0,-1,2.0,-0.010270341829200724,0.002,-0.012270341829200724,1.140014480479989,0.8476162611307283
2025-12-15,-0.007783156157861534,0,-1,0.0,0.007783156157861534,0.0,0.007783156157861534,1.1311760099719437,0.8542391308345593
2025-12-16,0.003301087054829448,1,1,2.0,-0.003301087054829448,0.002,-0.005301087054829448,1.1349162905545616,0.849722716366006
2025-12-17,-0.0005669737926510515,1,1,0.0,-0.0005669737926510515,0.0,-0.0005669737926510515,1.134273005141182,0.8492410824046253
2025-12-18,0.016373726679337935,1,1,0.0,0.016373726679337935,0.0,0.016373726679337935,1.1529981632700346,0.8632607879653383
2025-12-19,0.004000407866591435,1,1,0.0,0.004000407866591435,0.0,0.004000407866591435,1.1576198643737485,0.8667210999273426
2025-12-22,-0.002060048477056273,1,1,0.0,-0.002060048477056273,0.0,-0.002060048477056273,1.1552375660027006,0.8649374502785636
2025-12-23,0.003972124468264389,0,-1,2.0,0.003972124468264389,0.002,0.0019721244682643886,1.1598354390218908,0.8666448976837849
2025-12-24,0.0024002425695715777,1,1,2.0,-0.0024002425695715777,0.002,-0.004400242569571578,1.1626226690923211,0.8628398276673492
2025-12-26,-0.0006353623154994487,0,-1,2.0,-0.0006353623154994487,0.002,-0.0026353623154994486,1.1618842170783672,0.860568925740193
2025-12-29,-0.0012515285287563304,0,-1,0.0,0.0012515285287563304,0.0,0.0012515285287563304,1.1604309953974628,0.861646626547702
2025-12-30,0.0007798555139255491,1,1,2.0,-0.0007798555139255491,0.002,-0.002779855513925549,1.1613363168718425,0.8592546995678603
